ws_id,dem_min,dem_max,dem_mean,dem_std,dem_median,acc_min,acc_max,acc_mean,acc_std,acc_median
1,2690.0,4483.0,3871.240739770524,350.3097795169719,3952.0,1.0,8601.0,77.98292031225441,564.1878228308445,3.0
2,3433.0,6141.0,4576.2693557119655,479.64682472934925,4593.0,1.0,36739.0,113.26197888467786,1023.3291327823443,4.0
3,3409.0,6447.0,4636.337641713353,468.4898010726,4651.0,1.0,36822.0,155.0801976267149,1498.6497563049568,4.0
4,3395.0,6209.0,4970.112385401053,500.69430873502716,5033.0,1.0,36840.0,171.2370760274689,1710.6210519172012,4.0
5,3885.0,7026.0,4984.1361513496395,702.8774406495252,4817.0,1.0,10835.0,121.56091189741154,762.5280894903466,4.0
6,3891.0,6930.0,5052.530844200412,489.25408948676215,5060.0,1.0,47477.0,187.07714481811942,1888.7580676787686,4.0
7,3530.0,7055.0,4969.667155565476,487.7650200060242,5013.0,1.0,30256.0,138.2656633612856,1423.5799956564392,4.0
8,3617.0,6715.0,4940.121152076994,532.9587443528798,4871.0,1.0,13786.0,149.50902271601444,1080.5101558263073,4.0
9,3265.0,5640.0,4487.65889261745,591.18139080461,4505.0,1.0,49777.0,486.7221476510067,4573.992484834399,3.0
10,3063.0,6856.0,4580.861156030236,543.1267625583738,4614.0,1.0,74777.0,518.7526606746644,5539.27219637927,4.0
11,2893.0,6012.0,4444.1938250865405,553.286699675514,4465.0,1.0,116741.0,393.78812869069435,5150.175926774278,3.0
12,3013.0,5827.0,4668.018371300688,541.8553478377345,4812.0,1.0,116747.0,117.55641659429487,1327.4049361166678,3.0
13,3460.0,6503.0,4679.131321996709,413.60427500647046,4710.0,1.0,39977.0,139.90614371914427,1279.1986573474474,4.0
14,2139.0,5095.0,3539.4146640760814,693.369440968228,3532.0,1.0,126062.0,1144.4588403722262,11533.129245619044,4.0
15,3462.0,6221.0,4585.052579973036,417.4250449492697,4594.0,1.0,39909.0,165.02488050006127,1805.5980030558985,4.0
16,2712.0,5283.0,4146.704590126026,535.0429362243999,4224.5,1.0,74909.0,634.9798242571395,6344.23262298246,4.0
17,2149.0,4862.0,3506.0003814852494,652.7579214323894,3537.0,1.0,97612.0,958.2898016276704,9222.516026258554,4.0
18,3692.0,6458.0,4967.086298407706,381.69032815624274,5016.0,1.0,29620.0,168.9757879562283,1661.189945439971,3.0
19,3682.0,6072.0,4962.2912203178,349.76609685100186,5002.0,1.0,73453.0,175.15309766113194,2011.8665946779538,3.0
20,2549.0,5341.0,4010.8997619677334,620.0115674944889,4043.0,1.0,138939.0,1173.7636207352552,11823.247559846179,4.0
21,2822.0,5728.0,4705.239357099594,554.1130615196226,4856.0,1.0,38954.0,183.11715843211906,2038.5415457952602,3.0
22,1592.0,6044.0,4278.641091219097,730.032646808222,4385.0,1.0,41189.0,235.77309278588052,2396.5224945720097,4.0
23,1557.0,5530.0,3485.0259335853,841.351188790527,3508.0,1.0,855780.0,3379.5070241745702,51314.717535885924,4.0
24,2598.0,5598.0,4378.8474899790035,581.8546855249566,4444.0,1.0,89965.0,159.57180123433224,2115.152223316172,4.0
25,1485.0,5487.0,4111.542213419163,752.6207799068513,4288.0,1.0,46587.0,226.09243212016176,2455.188190261137,3.0
26,3196.0,6009.0,5038.45686876439,475.3411550193962,5159.0,1.0,37550.0,224.9713225888974,2301.033306103079,3.0
27,3217.0,7065.0,4920.369770399625,543.562459646527,4995.0,1.0,80816.0,195.11517950777608,2088.17224697896,3.0
28,2055.0,5060.0,3568.6853795460092,709.8478674935695,3521.0,1.0,194534.0,1480.5766821251323,16262.90949588089,4.0
29,3126.0,5388.0,4401.454384522982,444.20471106904284,4481.0,1.0,88585.0,628.9072516912183,6951.838309128634,3.0
30,3114.0,5457.0,4509.571578899208,405.9580563977396,4538.0,1.0,109763.0,135.5188269204374,1592.874022391684,4.0
31,2001.0,5584.0,4226.783294828506,703.502131359268,4388.0,1.0,221892.0,196.2501510574018,3128.105738459063,4.0
32,2165.0,5576.0,3999.387523465704,626.347455325774,4098.0,1.0,32814.0,149.64,1597.8151873140876,4.0
33,2133.0,5249.0,4008.6352182830356,621.5492299979894,4090.0,1.0,56011.0,153.3500062785149,1471.8819106897954,4.0
34,2604.0,5689.0,4524.136760261285,550.2432790778781,4632.0,1.0,39506.0,210.3512235546456,2145.5274110512564,3.0
35,2548.0,5066.0,3850.0650693568728,525.3696993819631,3924.0,1.0,131898.0,1053.8158890290038,9514.104977570765,3.0
36,1435.0,5509.0,4146.139554677925,787.8863971225247,4376.0,1.0,284333.0,254.9971060874302,3540.4826244701726,3.0
37,1438.0,4840.0,3239.5965273856577,753.8196271233512,3369.5,1.0,284361.0,1150.4967532467533,16032.315176335062,3.0
38,1381.0,4763.0,2926.8856253383865,678.4202890316321,2896.0,1.0,14292.0,112.15274769897131,899.3578500898113,4.0
39,1365.0,5438.0,3179.0758399346973,851.959023850145,3161.0,1.0,275288.0,1308.3369942303768,17475.9289138016,4.0
40,1172.0,4900.0,2740.7638793200135,787.2045536768823,2691.0,1.0,1049253.0,4060.7366253825326,60689.68227179451,4.0
41,1173.0,6241.0,3761.523456683755,1012.6142101395607,3911.0,1.0,1049331.0,347.9943781501745,6323.9931096340215,4.0
42,1765.0,4476.0,2889.994979079498,568.4661036223384,2850.0,1.0,107626.0,471.1801825789274,5414.176170550945,4.0
43,1774.0,5035.0,3475.772477389608,727.2818145590795,3541.0,1.0,107629.0,146.8230892002128,1605.8122121545523,4.0
44,2720.0,5349.0,4060.9980090203567,513.6432920913106,4177.0,1.0,38673.0,180.48222339604243,1629.316677656141,3.0
45,2738.0,4545.0,3585.990221307257,376.92928662399845,3583.0,1.0,14915.0,95.1473880597015,824.6741473226557,3.0
46,2637.0,4974.0,3653.218639815568,509.1066415302641,3647.0,1.0,138121.0,1015.2377949552482,11038.547132436706,3.0
47,2582.0,5368.0,4197.944210406467,475.37006823311566,4325.0,1.0,16890.0,148.14750085392234,1242.695710858556,3.0
48,2589.0,5640.0,4376.359477434679,512.2245642027026,4462.0,1.0,40495.0,261.940593824228,2615.5192436004563,3.0
49,1207.0,4073.0,2201.981300671258,647.9592307535779,2116.0,1.0,311978.0,2283.6678580768894,25773.220550336133,3.0
50,1213.0,4477.0,2454.457463080902,800.3871055011763,2305.0,1.0,319011.0,1676.7339321967906,21966.748985728795,4.0
51,1978.0,5009.0,3478.505642519112,698.3253550121881,3486.0,1.0,18429.0,124.70258463778667,1039.2183534813903,3.0
52,1958.0,4495.0,3080.3961650958727,556.0139755197425,3024.0,1.0,174134.0,1348.9906564835878,13793.534280745047,3.0
53,1193.0,3769.0,2228.6819183019625,557.1639802486413,2228.0,1.0,634773.0,2236.658189827793,36058.82361981072,3.0
54,952.0,4248.0,2674.348803827751,650.9270538029375,2701.5,1.0,36221.0,162.9053429027113,1703.3710572070697,4.0
55,952.0,4095.0,2322.3081774684647,648.1163463665342,2323.0,1.0,1116587.0,6216.541135897595,80786.24223866028,4.0
56,2533.0,4130.0,3042.770763242958,335.18501225485045,2993.0,1.0,191454.0,1877.268685269477,18028.929947751487,4.0
57,2548.0,5130.0,3638.492514007532,517.9371413491667,3631.0,1.0,73119.0,258.7814956238764,3266.2296317168216,3.0
58,1354.0,4097.0,2593.5695608782435,503.4086340597616,2584.0,1.0,60725.0,140.72045908183634,1338.5849960750174,3.0
59,1358.0,5170.0,3224.425835203388,823.1722830777093,3178.0,1.0,60683.0,314.8209014191346,3500.6082652812315,4.0
60,3789.0,5566.0,4618.796372396202,258.4330622014475,4598.0,1.0,3358.0,44.831585659628736,253.37630117775444,3.0
61,2523.0,4444.0,3399.302080348444,397.8416056556901,3377.0,1.0,33579.0,176.07690985156742,1747.0790700876548,3.0
62,1172.0,3043.0,1889.8026849828286,466.5924311586296,1860.0,1.0,743286.0,5673.77573108544,60550.0487949862,3.0
63,844.0,4332.0,2577.5673327872287,596.9200237387704,2586.0,1.0,157805.0,743.7608252528909,9628.755402174334,4.0
64,822.0,3838.0,2097.0060714453807,648.1250460481773,2125.0,1.0,906370.0,5041.276038970208,66813.95624358687,4.0
65,857.0,4053.0,2528.6695630461923,679.6536573560735,2524.0,1.0,19376.0,137.08858926342072,1250.8855867357547,4.0
66,848.0,3849.0,2331.148129098624,718.5451809776796,2420.0,1.0,1131603.0,7368.570978526424,90380.36790285475,4.0
67,2263.0,4690.0,3217.530358306189,556.9290770789067,3151.0,1.0,100825.0,524.3813680781759,5909.073561466212,4.0
68,2268.0,4229.0,3123.2918744293843,341.4528432629234,3127.0,1.0,100769.0,124.113772034553,1849.985946000552,3.0
69,1411.0,4058.0,2708.3581555671176,469.6079013515324,2725.0,1.0,203609.0,1298.6482180020812,15384.466888477207,4.0
70,1450.0,5098.0,3355.018573792298,588.7806077182973,3291.0,1.0,59766.0,246.43139863089252,2882.8448541489747,3.0
71,2256.0,6558.0,4071.161873481754,775.3136485144568,4260.0,1.0,106739.0,366.13912821959184,4904.129187319346,4.0
72,2253.0,5456.0,3573.6565156706,698.7857443134982,3599.0,1.0,30549.0,161.52341073467835,1585.2759040132526,4.0
73,2201.0,4768.0,3342.0287745619435,520.9844412890538,3324.0,1.0,17142.0,119.56188770083412,1072.8391487410593,4.0
74,2176.0,4247.0,2881.274517783023,439.24830793014286,2826.0,1.0,129845.0,1045.2426141450314,10376.712641333223,4.0
75,1074.0,4319.0,2441.360524256651,729.3338778838853,2427.0,1.0,278044.0,2016.3043166405841,23089.477558495768,4.0
76,1014.0,3906.0,2167.953883933408,577.9901384338215,2115.0,1.0,786947.0,4161.19154237839,53751.664305382204,4.0
77,1057.0,4582.0,3028.9103700075693,644.7504760001077,3003.0,1.0,21787.0,150.1577986553275,1384.3724248465521,3.0
78,677.0,3497.0,1895.729158663081,709.9145692472266,1792.0,1.0,1176794.0,7904.871622486874,91518.97493092735,3.0
79,698.0,4424.0,2787.292392647821,840.4591500844928,2825.0,1.0,1176739.0,339.8714764164108,5688.441689434891,3.0
80,1075.0,4796.0,3283.625858625225,871.8817222782134,3325.0,1.0,19748.0,156.49008622789498,1386.0962940970587,4.0
81,950.0,4303.0,2494.8542917500554,748.1912625749662,2549.0,1.0,314997.0,1372.2764064932178,19998.187742411777,4.0
82,950.0,4529.0,2824.635425812116,789.929167627582,2831.0,1.0,332831.0,292.42169666374014,7305.902418001928,4.0
83,846.0,4114.0,2506.6732205456487,747.9075237850302,2580.0,1.0,799600.0,3103.441548544429,48842.44365954994,4.0
84,840.0,3775.0,2788.3184862269395,451.7569947764782,2846.0,1.0,800141.0,181.35980540813748,6448.019371913002,3.0
85,2100.0,3880.0,2842.847847847848,429.3788622303188,2809.0,1.0,155996.0,1450.6736736736736,13712.500164206782,4.0
86,2157.0,4943.0,3851.646121807753,459.6109035775409,3902.0,1.0,271578.0,309.50929816228853,7588.71746200063,3.0
87,2220.0,4619.0,3854.758411609761,352.9134994675013,3879.0,1.0,19451.0,159.7111972565976,1379.7278230869563,3.0
88,2071.0,4107.0,2908.63807890223,447.22584740611114,2891.0,1.0,323989.0,1357.2080236325519,15139.309393767904,4.0
89,2102.0,4675.0,3522.6596268734934,534.054615530651,3538.0,1.0,156141.0,154.1661251441149,2002.6455672095672,3.0
90,1171.0,4161.0,2895.3815696855936,642.7457004768947,3074.0,1.0,39400.0,143.32543406851244,1288.0321427769552,3.0
91,1174.0,4395.0,3157.3641849625906,534.4743453052976,3233.0,1.0,39406.0,210.0169017539556,2196.5884138397223,3.0
92,2557.0,4598.0,3635.6318128784933,425.30086290948447,3668.0,1.0,17413.0,117.71598422134564,1060.8455875561401,3.0
93,2567.0,5591.0,3748.5603259719182,600.3175899383081,3715.0,1.0,54543.0,270.23098497142456,2969.8137242896178,3.0
94,704.0,3848.0,1834.4375976964213,618.8412588161451,1763.0,1.0,385947.0,3536.807651172357,34663.94897299631,4.0
95,539.0,4064.0,1890.0170970913364,640.7960619029909,1874.0,1.0,1190350.0,6317.302400306932,85372.37240276934,4.0
96,553.0,4193.0,2479.0832972196245,838.6642955059541,2701.0,1.0,42290.0,180.1148644025272,1982.9455114635302,3.0
97,819.0,4639.0,2574.3275101251284,635.5484477103697,2577.0,1.0,16096.0,131.56078099498276,1131.8679422909165,3.0
98,588.0,4052.0,2420.750893589113,716.4361945270741,2525.0,1.0,58305.0,223.2849647483194,2660.7827573982363,3.0
99,558.0,3820.0,1721.8535250436378,627.3027420705565,1682.0,1.0,1267050.0,7796.676222596964,95898.99115612067,4.0
100,535.0,3623.0,1833.1539952295766,647.7774893810348,1798.0,1.0,854201.0,4260.457637646591,58939.21418519449,4.0
101,519.0,3079.0,1518.808181096108,487.5993505892415,1473.0,1.0,917129.0,2391.9241461477363,38013.34217889748,3.0
102,1948.0,4256.0,3076.076386890488,454.18617593938654,3076.0,1.0,102178.0,798.2201758593126,8199.736298331189,4.0
103,1943.0,4445.0,2925.455449584332,522.1894674308468,2871.0,1.0,342869.0,2496.8408221553527,28469.632673641067,4.0
104,716.0,4714.0,2243.965758636433,739.8194884960927,2117.0,1.0,25456.0,180.82719525186425,1656.3942348979506,4.0
105,476.0,4709.0,2504.8101177176777,856.2189704906266,2466.0,1.0,977958.0,334.78594057424885,9818.382222915903,4.0
106,1928.0,4693.0,3502.1187205106858,671.499435651922,3550.0,1.0,13960.0,139.13676103247295,1085.1358433222408,3.0
107,881.0,4465.0,2703.392899824253,770.8368160987629,2666.0,1.0,323872.0,156.17370826010546,2925.3190260193232,4.0
108,839.0,4528.0,2626.0040917986125,794.7537509175946,2560.0,1.0,338012.0,2335.010725087046,25708.59791558271,4.0
109,521.0,4143.0,1750.2933173157512,682.4562055299791,1674.0,1.0,436713.0,1514.0074872883724,23991.619850901672,3.0
110,549.0,3966.0,1975.2174436090227,628.5211776809632,1941.0,1.0,16022.0,141.08685714285716,1159.0109316325738,3.0
111,857.0,4611.0,2650.992137289758,698.9977787622814,2663.0,1.0,14105.0,116.75981129495419,945.6432460090975,4.0
112,1637.0,4421.0,3204.483613254653,668.2525742050352,3298.0,1.0,31807.0,203.4303828113179,1851.8950738299359,3.0
113,1615.0,4453.0,2869.445455089462,553.374113581806,2848.0,1.0,48012.0,114.68314284004548,1095.4922305384953,3.0
114,1151.0,4477.0,2666.974278703782,681.8353012853332,2627.0,1.0,34267.0,154.06419042784216,1593.1671053632058,3.0
115,1153.0,4401.0,2725.4939411612236,704.7243198534015,2685.0,1.0,63767.0,181.00398522550543,1692.5842075709074,3.0
116,496.0,3835.0,2109.40482294156,602.7947815775606,2080.0,1.0,22298.0,251.0172061698892,1960.512123249668,3.0
117,469.0,2992.0,1629.7462294373852,472.7721815916114,1652.0,1.0,26813.0,160.20665202836472,1524.5591946318073,3.0
118,410.0,2426.0,1244.688394731819,469.0155428795182,1228.0,1.0,483750.0,4930.575491506012,46194.705318380096,3.0
119,443.0,4579.0,2654.651883768588,882.506455940063,2696.0,1.0,36858.0,242.33027691660973,2328.024734218027,3.0
120,339.0,2896.0,1362.6868931149463,511.61970079396536,1346.0,1.0,1293008.0,10131.016525594518,112616.1436502969,3.0
121,366.0,3445.0,1640.7038769490098,646.2575418303946,1609.0,1.0,997776.0,6769.335103244838,80690.29271122329,3.0
122,358.0,4111.0,1906.7749355049266,751.8451456463513,1849.0,1.0,1028932.0,398.8905914897585,15132.98773394889,3.0
123,1043.0,4693.0,2726.799433479532,680.8418097990452,2638.0,1.0,79291.0,192.14258954678363,2128.915534947863,3.0
124,1040.0,4485.0,2760.170682939496,640.7229198436798,2741.0,1.0,79281.0,223.45549207997922,2251.6898457248194,3.0
125,259.0,2109.0,993.4428698951127,414.82416765985516,969.0,1.0,1381958.0,20317.78185672841,165014.07004235336,4.0
126,270.0,3297.0,1440.2223057130495,546.4077674569631,1421.0,1.0,1275683.0,8754.303982512467,104167.21960377111,3.0
127,265.0,2155.0,1258.3782203940248,359.6813415263922,1277.0,1.0,1382161.0,607.5637583892617,26263.07119134524,3.0
128,337.0,2510.0,1362.5458223394899,401.84773220612436,1372.0,1.0,1293057.0,835.8786866021694,28154.256296621144,3.0
129,240.0,3418.0,1778.236706922946,636.3762932118938,1793.0,1.0,2686388.0,2434.4777002891647,76664.55854483503,3.0
130,493.0,3450.0,1772.109647839235,682.3578557249253,1685.0,1.0,357785.0,3016.377816798361,32102.54881131986,4.0
131,525.0,4227.0,2364.6263376457437,744.042142695953,2460.0,1.0,36210.0,164.1867646275888,1705.43338961564,3.0
132,327.0,3171.0,1685.5236525132898,598.7261086354159,1752.0,1.0,1043289.0,3722.0168225556827,61357.471838915815,3.0
133,330.0,2622.0,1488.2843512732647,463.87757421377546,1479.0,1.0,1043294.0,197.46663979036484,8614.019966333537,4.0
134,257.0,2761.0,1491.3061076604554,538.2526019857935,1530.0,1.0,502327.0,3005.087474120083,38022.87612197243,3.0
135,250.0,4565.0,2548.170343790913,966.4563418413833,2633.0,1.0,920049.0,2268.931904507912,28611.148284293417,4.0
136,637.0,3599.0,1869.2777321531769,494.095871966193,1815.0,1.0,31910.0,168.41396721112022,1661.1049595883624,3.0
137,664.0,4160.0,2066.1032166123778,665.0299213176778,1932.0,1.0,18979.0,166.30445846905536,1394.3521904753986,3.0
138,231.0,4287.0,1983.9304828696738,743.8218195150582,1974.0,1.0,72360.0,195.4670423967625,2130.3169741530805,4.0
139,227.0,3450.0,1289.2175170867538,748.2773686640086,1159.0,1.0,23740.0,158.66202581998337,1374.8790198473755,3.0
140,322.0,2778.0,1481.2153032153033,559.3912162396766,1519.0,1.0,69878.0,479.0747863247863,4877.641414017591,3.0
141,315.0,2673.0,1608.1311161948988,494.3082125118536,1690.0,1.0,98130.0,205.98582989039505,2083.2045243689654,3.0
142,212.0,2476.0,1157.2190535136165,427.90061793317614,1136.0,1.0,2727468.0,933.2513330794135,45822.76680772943,3.0
143,203.0,2266.0,963.710290775866,410.3338438784996,963.0,1.0,2707082.0,16564.77507767936,210277.4550516395,3.0
144,258.0,2963.0,1493.9987149070778,525.9208553044997,1475.0,1.0,108787.0,850.725056016871,8855.318368911649,4.0
145,249.0,2473.0,1111.3245882352942,488.22689595780685,1068.0,1.0,1074422.0,8322.985411764706,93632.89412408641,4.0
146,609.0,3516.0,1810.448717678545,509.9474127181134,1789.0,1.0,93782.0,719.1899985248562,7103.849144578946,3.0
147,592.0,3978.0,2116.3553899082567,696.3518854386598,2071.5,1.0,119224.0,233.1328363914373,2542.758114383725,3.0
148,258.0,3127.0,1256.1933837529089,556.3266983080003,1201.0,1.0,430673.0,2644.845700232706,32686.16135071139,4.0
149,214.0,3273.0,1374.9815480536988,626.4402975175711,1355.0,1.0,95582.0,865.6696343312925,8224.703990098054,3.0
150,256.0,3736.0,1859.0688649538395,720.0717921997473,1877.0,1.0,484952.0,314.8561511486438,5281.496582947241,4.0
151,241.0,2436.0,1215.298448864002,536.3347856731006,1134.0,1.0,1197799.0,2052.9940786509624,47191.219696310036,3.0
152,112.0,2690.0,1042.9845889851283,464.13633258538556,1016.0,1.0,979338.0,4296.855956855696,63269.40516612601,3.0
153,98.0,1954.0,767.5043435095557,371.6420442241906,749.0,1.0,3752958.0,17195.84428961458,216004.8268258519,3.0
154,164.0,1753.0,659.3070561993362,329.12356747698595,618.0,1.0,497483.0,3653.0853598824874,41970.04579325965,3.0
155,241.0,2409.0,1020.2151597552685,490.79921519546656,970.0,1.0,6943.0,72.53648311806027,489.4538373419777,3.0
156,167.0,3472.0,1589.8511968413259,672.0085950291674,1564.0,1.0,35199.0,253.97290998327438,2405.6813398434597,3.0
157,153.0,2147.0,811.3043042606953,379.2458843151853,789.0,1.0,1220068.0,14254.112180883507,130415.72453662824,3.0
158,173.0,4210.0,2137.5329662017007,900.0644622799477,2149.0,1.0,554832.0,3942.20000605162,44620.72647294644,4.0
159,175.0,4035.0,1789.4974989439986,756.4349336391714,1717.0,1.0,43474.0,222.74440319245903,2334.380763542316,4.0
160,253.0,1830.0,607.5813316137353,281.62422089087244,507.0,1.0,3860.0,56.26180880219249,310.0322935191541,3.0
161,188.0,1389.0,560.8674448353054,295.87137951992383,472.0,1.0,1801.0,36.104253277902146,161.2667197941151,3.0
162,89.0,1269.0,418.6011705685619,257.4597116879503,352.0,1.0,3756086.0,44496.352146042365,406218.0248539424,3.0
163,109.0,1193.0,485.9078447912273,249.16755490887863,424.0,1.0,1609.0,25.692851117671868,105.56668107821845,3.0
164,185.0,2634.0,895.8797590955518,627.0044261404063,750.0,1.0,17443.0,121.8184411650759,993.5105227292711,3.0
165,224.0,2401.0,1003.3325943244115,454.48369702286425,979.0,1.0,19899.0,130.07433086101258,1252.6402108911989,3.0
166,353.0,3354.0,1724.5351976856316,673.0680062163531,1743.0,1.0,21989.0,122.28619345100834,1045.773311868546,3.0
167,301.0,2177.0,972.5151577432946,460.5433075923983,849.0,1.0,4736.0,54.598602404686055,338.1452684898839,3.0
168,149.0,2401.0,751.1437633322106,474.52177422620014,587.0,1.0,145280.0,947.2691141798585,10707.266642601073,3.0
169,244.0,1741.0,596.1842197957027,292.29486302482866,506.0,1.0,5507.0,51.1546319126453,318.2705037836494,3.0
170,260.0,3390.0,1206.9171329511516,664.1017958266457,1091.0,1.0,14198.0,100.7926607394185,777.5612640821374,3.0
171,135.0,2120.0,673.0783417935702,544.0093013176272,414.0,1.0,3257.0,50.04010152284264,295.8732921215645,2.0
172,147.0,2331.0,705.5330440350003,425.8316910171868,555.0,1.0,8026.0,88.47065518958526,575.8232791010901,2.0
173,261.0,2197.0,818.4069036883732,362.644578104336,795.0,1.0,9965.0,83.00236528937837,679.0883487684741,3.0
174,205.0,1642.0,706.3267998975148,300.8571083727271,669.0,1.0,5203.0,50.93543428132206,371.23966585320954,3.0
175,214.0,1665.0,638.9520480225989,320.2791392028483,534.5,1.0,8115.0,65.40699152542373,494.40653714988673,3.0
176,189.0,2127.0,513.1275161501732,292.17644854257395,427.0,1.0,3692.0,53.88493586742814,297.86643519947353,2.0
177,190.0,1999.0,546.031908365719,351.6341357484054,403.0,1.0,106826.0,924.297811413377,9464.961324478689,3.0
178,117.0,1647.0,652.8637225381956,387.59451884284704,596.0,1.0,601909.0,3502.8622727779634,45541.88986673431,3.0
179,93.0,2057.0,546.6862521948365,392.0371638719734,431.0,1.0,1283229.0,9473.246016778305,108892.46028469269,3.0
180,168.0,1742.0,531.322063538327,288.0702111499287,456.0,1.0,5271.0,61.112357913144855,399.2777340216498,3.0
181,173.0,1573.0,502.03433363910364,292.88900223912185,382.0,1.0,8988.0,76.36450006552221,505.8717940362463,2.0
182,254.0,2400.0,1039.7959907223326,519.9016199856601,932.0,1.0,18868.0,104.99410205434063,894.3755317247065,3.0
183,293.0,2161.0,1051.0268791627022,472.33304481502034,1050.0,1.0,10900.0,90.18101807802093,677.1361084500888,3.0
184,152.0,2536.0,1139.5520711332074,491.25129854328003,1129.0,1.0,37426.0,149.11456366374262,1406.7738756091055,3.0
185,209.0,1819.0,565.2617408409146,287.24742398480237,470.0,1.0,2713.0,44.78005901155643,232.09187511821756,2.0
186,282.0,2801.0,1242.8099978359662,634.2609801569064,1206.0,1.0,8278.0,102.50670850465268,705.416659194437,3.0
