ws_id,longitude,latitude,area_sqkm,perimeter_km,geometry_count,SHAPE__Len,SHAPE__Are,f_area,area_ha
1,92.03424542353504,27.328438199510856,1.278395450490568e-08,0.0007502475005924789,1,88962.6312988,178321798.333,140331356.07,14033.1356069597
2,89.6939932710917,28.133971475021557,9.82270919726972e-09,0.0006151019375696141,1,72762.7938238,138032179.642,106943310.353,10694.331035308
3,89.61368959837384,28.076917188307092,1.508835434418848e-08,0.0007438240297758567,1,87853.1206946,211914169.639,163444947.545,16436.0007344264
4,89.8057719035912,28.149654478026033,1.907842372418296e-08,0.0008488838448763445,1,100646.75122,268136083.708,207681036.079,20768.1036079112
5,90.15673938051557,28.12858308638628,8.411640839330573e-09,0.0005213797759029342,1,62076.4466688,118197416.61,91583504.741,9158.35047410094
6,90.26142105233497,28.069161170129362,2.424549229388933e-08,0.0009850756711778574,1,116286.16783,340500603.812,262913851.354,26412.4047017219
7,89.93271899544736,28.08013335091306,2.0882432793537883e-08,0.00087690245425324,1,104071.402592,293300195.048,227457009.662,22746.1313828416
8,90.00982207857248,28.10058206622459,9.39908997913945e-09,0.0006851654084523627,1,81772.6095381,132038284.238,102356688.171,10236.0131458843
9,89.97386982321312,27.97385263651412,3.972218592533159e-09,0.000442259956802466,1,51906.4341567,55735939.7459,43303078.362,4330.91042856857
10,90.07872244622973,28.04244538318398,1.769578731333496e-08,0.0008504877944743009,1,101451.481111,248455705.105,191057300.109,19281.7099757137
11,89.74240187557709,28.01264178888939,2.6156371613178925e-08,0.0012014218200997208,1,141278.774249,367143732.751,285087208.735,28508.7208734621
12,89.85209634945508,27.96614351986366,9.956920684004637e-09,0.0006163415630060954,1,72609.527076,139699953.545,108568455.519,10856.8455518842
13,89.5249465406701,28.004506648273438,1.2152150189154216e-08,0.000695363110402314,1,82513.9421241,170560684.188,132465113.534,13246.5113534229
14,89.76582442772123,27.909488005028397,6.529805411491674e-09,0.000500576328343041,1,58727.0472179,91567988.1412,71236938.9066,7123.69389066461
15,89.45205833089933,27.863471308012148,2.7206827102547845e-08,0.0010845090517297888,1,128620.377582,381361664.298,296953921.305,29695.392130479
16,89.59646995863525,27.90439835836319,1.1536917844941516e-08,0.0007078114946075248,1,83756.0170011,161775541.713,125871092.618,12587.1092617533
17,89.68290714300892,27.90425703249589,5.241041202968636e-09,0.0004802157919152873,1,56955.399002,73491995.8758,57180482.6303,5718.04826302911
18,90.56486283679106,27.954065020893015,2.035356471699843e-08,0.0009850407394999864,1,116620.55692,285537650.986,221338761.04,22197.1588679553
19,90.69664653800554,27.973839357767503,2.984908961764264e-08,0.0009936369052594989,1,117526.257279,418825865.39,325002492.048,32548.2351496073
20,90.0037275649704,27.90521922123206,1.0096663581948763e-08,0.0005946373544462184,1,70111.4499856,141580751.604,110152378.07,11015.2378070481
21,90.1627775821149,27.925310057796587,3.0799821023547195e-08,0.0010830146236664058,1,127809.656997,431971808.292,335960406.449,33596.0406449049
22,90.9696756583711,27.962161192711676,2.891922227331572e-08,0.001277416544751524,1,150636.658379,405734559.894,307586158.971,31541.0869082823
23,91.16934383637557,27.909102562629812,2.8041769969840333e-08,0.001051562795591562,1,124288.972814,393230803.029,305832346.05,30601.8930445708
24,89.58501574196106,27.82192993509375,1.0480728307366875e-08,0.0007221748179703057,1,85075.544527,146853409.58,114431553.343,11443.3274921401
25,90.92119068712711,27.879788670823984,3.233448715273671e-08,0.0012808366942660483,1,150955.578972,453304997.73,352915269.77,35291.5269769997
26,90.37290663205711,27.911122844404172,2.6053643978426493e-08,0.0013281776879265135,1,157650.835931,365358355.565,284232968.077,28423.3709418965
27,90.47242587309994,27.92281773875398,2.986749915245027e-08,0.0012133672735523838,1,144029.695973,418886454.981,324690521.392,32581.3276875361
28,90.00741742511846,27.82843339506745,8.200658561848687e-09,0.0005748165800592761,1,67387.007677,114912507.729,89529528.091,8952.9528091031
29,90.66033573388124,27.811465978775512,1.055672518607038e-08,0.0005984284335041849,1,70371.4320804,147904007.958,115281189.806,11528.1189805958
30,90.77327941634532,27.851283209646642,1.4572622338982277e-08,0.0007443551635473484,1,88313.537589,204243324.759,159084409.441,15908.4409440949
31,90.16180446910354,27.797344299819027,1.876016741034366e-08,0.0010474419024474174,1,123615.453114,262803493.221,204870115.26,20487.011526024
32,91.4376046908833,27.862195587051616,2.308888789903219e-08,0.0009347135684844748,1,110822.256212,323636121.667,251785763.584,25211.7409200698
33,91.5266551290613,27.814861654859758,1.5948295027435086e-08,0.0008425072611841415,1,99636.6522967,223449144.373,169174738.411,17423.1729799075
34,90.34909023022061,27.780480916622015,2.7387478974604923e-08,0.0012214342370461626,1,144271.108779,383600573.665,299136778.335,29913.6778334965
35,90.51440769308141,27.74803402383267,7.937834373379023e-09,0.0005629342359939903,1,66357.0922194,111147443.753,86728394.645,8672.83946450365
36,89.90820337380468,27.83910642239308,1.9603841718905946e-08,0.001114176840348289,1,133023.433764,274727973.974,214001775.529,21400.1775529016
37,90.03773021485233,27.70359848304659,2.3656009692827803e-08,0.000999861722212776,1,118003.363908,331102188.572,258551332.679,25855.1332679061
38,89.69202287535916,27.67615025594132,9.880902733192888e-09,0.0006121501979222421,1,72156.875102,138263610.735,108023551.211,10802.3551211318
39,89.74153007970693,27.781759627906705,3.5970472422500195e-08,0.0012864336236070065,1,151976.247792,503823439.986,392577047.077,39287.4032889315
40,91.09049193162508,27.732023994810756,4.165154164721334e-08,0.0014363056152260111,1,169147.428722,583129373.97,430372549.311,45524.9610101418
41,91.31415131072679,27.847118652250987,6.193972826844532e-08,0.001901464531318886,1,225637.886827,868088907.99,656419638.337,67638.2459528043
42,91.41297652344761,27.689688682742286,1.755474656199169e-08,0.0007377691688325138,1,87022.6485926,245674296.354,191980941.232,19198.2662758484
43,91.56447869928623,27.718063294993257,1.8817725115384107e-08,0.0007656115158144434,1,90872.3465143,263417889.959,198792339.855,20576.4715927747
44,90.62062761909736,27.719544991525435,1.6422659362081764e-08,0.0008629280174174873,1,102286.511799,229893955.458,179481722.688,17948.4305204644
45,90.60895688331054,27.61753056946853,1.0387121006185214e-08,0.0006376835715157168,1,75239.5740928,145269254.472,113624957.468,11362.4957468079
46,90.746132801193,27.69904256054821,1.9710202177862464e-08,0.0008870616055739474,1,105194.316953,275863044.037,215462600.487,21546.2600487167
47,89.52076021017407,27.613986536530568,1.1741612826995295e-08,0.0007720924937652802,1,90610.5561745,164207195.966,128441524.6,12844.1524599993
48,89.53965319095907,27.698500800831034,2.809926851507536e-08,0.0012079364942030513,1,142690.558868,393274021.955,307143337.466,30714.4198223383
49,89.77317840046298,27.60943569249703,1.5333688651552937e-08,0.000733317965906937,1,86373.3849223,214433702.039,167734867.244,16773.4867243694
50,89.8998178255006,27.674151101103245,2.4030748894990405e-08,0.0010385768218381737,1,123447.261173,336256661.679,262716017.28,26271.6877748582
51,90.39571556532552,27.629303577082393,1.2866716966567857e-08,0.0006617856963783989,1,78032.7503972,179967032.746,140727257.799,14072.725779903
52,90.50557796700241,27.625003501337055,1.645955275137224e-08,0.0008393023871110392,1,98930.9768924,230211128.744,180034374.184,18003.4374184329
53,89.80129352530449,27.531388324699538,1.3357867652502237e-08,0.0007243383637692251,1,84977.6428622,186670049.047,113769576.245,14622.2781473208
54,91.06251667331551,27.55631969012802,2.516751034594882e-08,0.00091339947203423,1,107675.934336,351784310.159,275508778.678,27550.8778678199
55,91.22342248715039,27.584385287460538,2.1519609139505163e-08,0.0008514323979956523,1,99920.3675958,300871853.17,235537103.487,23553.7103486985
56,90.73682411829938,27.568978350346097,1.01424449652746e-08,0.0006278593291421008,1,74424.2191593,141784522.648,98440816.8291,11100.1154309957
57,90.88311150150926,27.653126567634494,5.092241699071393e-08,0.001517329658857543,1,179836.382285,712409050.744,556918531.312,55691.8531312097
58,90.02627050125677,27.57194906529392,1.3395631105873255e-08,0.0006969367979527563,1,81895.1172394,187266940.322,146499968.746,14658.1747296881
59,90.16240866191956,27.617466515252833,4.230600585794825e-08,0.0017139975687219381,1,202375.509238,591672067.141,462747420.064,46274.8280783005
60,89.08500814337782,27.560901131537054,9.437837098998371e-09,0.0005531937959414064,1,64931.4689178,131924874.532,103304570.768,10330.4570767552
61,90.67870226174897,27.490558312320772,2.3352337400261314e-08,0.0010044302691832013,1,118219.77299,326217145.398,255745895.41,25574.6756255458
62,89.89397145868378,27.518745174228176,6.442140363352245e-09,0.000550936418143126,1,64827.5665117,90015597.4403,70526756.0286,7052.67560285963
63,91.48126551409123,27.545642302022003,3.5117320476984104e-08,0.0010848669661574198,1,127609.162108,490812301.834,383002412.657,38456.4659081006
64,91.63728813450858,27.467578035274286,1.4222255985800305e-08,0.0007849882646250666,1,92404.8433699,198634300.159,151149971.865,15587.2472992427
65,91.07123260347296,27.437841019286324,1.3413111652030155e-08,0.0006806101887985267,1,79516.5244196,187282911.214,146988918.873,14698.8918872593
66,91.22326627603121,27.477865112070933,1.041239760108343e-08,0.0005522153132260948,1,64851.0687912,145437699.411,114074309.503,11407.4309502613
67,89.62254878493826,27.52160579522913,2.054011942199789e-08,0.0008151951739926912,1,96194.5083629,287013228.219,224868864.87,22486.8864869791
68,89.71541126219384,27.44476027246587,9.534785785319592e-09,0.0005844231688836382,1,69521.3836222,133139480.362,104454559.211,10445.4559210993
69,90.46982875742592,27.51489101313921,2.0565303661534654e-08,0.0009651630696688625,1,113058.948059,287347573.698,225162407.513,22516.2407512814
70,90.32122865779925,27.520628328805312,4.121931039430132e-08,0.0015806600725285491,1,187343.483162,575965409.771,451259673.691,45125.9673691119
71,89.30150085639916,27.635969866479822,7.346306999795308e-08,0.0018079685751950859,1,214951.882314,1027594810.53,801622914.861,80350.3452165975
72,89.43114133090285,27.541131861578975,2.1085582897948147e-08,0.0009308754272689275,1,111255.291236,294687627.038,230810298.201,23081.0298201149
73,89.52873015015116,27.46427208204906,1.1956882635819423e-08,0.0007072941971120661,1,84325.8731396,166990129.777,130969775.662,13097.0636316697
74,89.63528041266551,27.39907120223312,8.23229785811985e-09,0.0005020812922816156,1,58923.4762836,114904553.658,90223355.155,9022.33551550381
75,90.50308586470305,27.41203854446651,1.0279511410420267e-08,0.0006742946806177539,1,78918.3696975,143495944.936,112650500.579,11265.0500579171
76,89.87885953650255,27.44104624767442,1.8523996002696436e-08,0.0008872158993792928,1,104326.088769,258652065.355,170240736.793,20293.5835270997
77,89.78965155156654,27.352975668112293,1.5050861457313696e-08,0.0007850562035466923,1,91982.4643016,209989055.423,165016373.37,16501.6373369688
78,91.51459114105772,27.40093633619542,1.0446619892340829e-08,0.0006024357585109718,1,70413.7240642,145814017.265,114549486.4,11454.9486399771
79,91.78949490430013,27.372532090423306,6.721897106371876e-08,0.0017691128520354034,1,207450.51193,938002624.883,737243886.123,73742.018454694
80,90.41482034512381,27.34025186640783,1.3750329164032989e-08,0.0008073305114503611,1,94482.0686009,191822018.192,150779143.598,15077.9143597784
81,90.58628719643994,27.38812415997955,1.2042699586838128e-08,0.0007634353398908362,1,89907.8993541,168072677.654,132003629.605,13200.3629605372
82,90.66950950970731,27.35192050228057,1.2211250976619571e-08,0.0006217641957551389,1,72924.9283538,170369274.509,133897450.244,13389.7450243668
83,89.86529358712772,27.316304485907686,8.796098991531365e-09,0.0006062487622698606,1,71118.7026897,122682234.715,96470382.1921,9647.03821920996
84,89.99338654143448,27.407296763465276,1.0614190827607427e-08,0.0006396408395240661,1,75570.1071483,148161529.992,116315904.747,11631.5904746769
85,89.57309999978057,27.356691759663132,5.3590134349173256e-09,0.0004501689539297663,1,52466.1094311,74771247.5108,58755797.3269,5875.57973269088
86,89.03931663693075,27.429779461627632,1.831615912421075e-08,0.0008039416084116364,1,95314.0635666,255724007.808,200722841.635,20072.2841634846
87,89.10441871867742,27.359132876458958,1.3501758774380903e-08,0.0007195564182637459,1,84719.5864575,188386515.146,148051180.263,14805.1180262619
88,89.44908736271553,27.35754381845948,2.1104413336988036e-08,0.0008873620810604097,1,103962.105841,294460139.774,225506738.552,23139.2217748392
89,89.65325111786697,27.306403051506816,1.2773548609280962e-08,0.0006954948115075722,1,81701.2738986,178141201.38,140108322.891,14010.8322891154
90,90.10250100591674,27.39312224774166,1.1413737593795235e-08,0.0006642106432487427,1,79094.4145455,159301847.909,125093765.332,12509.3765332367
91,90.19597638800558,27.41118174479804,2.7303040491306945e-08,0.0011106341451421144,1,131066.450826,381131700.475,299193593.088,29919.3593088485
92,89.22505532148176,27.317356685288818,1.2065498569245222e-08,0.0006213369912897135,1,73317.8746809,168283290.229,132344517.286,13234.4517285852
93,89.23067280166457,27.4367806869426,3.7938941308186106e-08,0.0013872465853271042,1,164156.156391,529724608.066,415704044.555,41570.5766001925
94,90.6027003629465,27.28360684971276,8.147416896487888e-09,0.000577419196295837,1,67375.8627684,113601372.8,69560906.8791,8938.92131031521
95,91.21063084946304,27.350109831803323,2.792653631806253e-08,0.0011517055511577803,1,135110.063505,389620050.644,306297143.369,30629.7143369038
96,91.06793118977366,27.296776963343607,2.9397431585062647e-08,0.0010874838097328621,1,128128.734295,409944183.713,322556457.816,32255.6457815671
97,90.4918530713739,27.266437278053274,1.1098061567082484e-08,0.0006399886715302913,1,74500.4673861,154719000.637,121776995.978,12177.6995978363
98,91.35376596579249,27.4073290864875,4.083970470710062e-08,0.0013662038916763268,1,162632.223963,570074868.963,447740610.157,44774.0610156945
99,91.49501066386343,27.297967864399826,2.2657576102545207e-08,0.0008868718951658239,1,104577.321691,315960911.873,248668169.669,24866.8169668911
100,89.98650411833295,27.28545054644474,2.6970699183243575e-08,0.0010497625338892736,1,123712.445716,376065257.398,295877684.642,29587.7684641961
101,90.10991963285903,27.260586289121886,5.062146601879173e-09,0.00044287205752267995,1,52253.7464194,70568093.935,55545770.5941,5554.57705941478
102,89.38879544189173,27.229975574947186,2.0973124670669728e-08,0.000928131363518948,1,108529.336979,292292336.663,230215466.385,23021.5466384689
103,89.52414904253915,27.252154382388614,1.315132305617463e-08,0.0006816827053994386,1,79659.8382464,183320153.426,144324657.008,14432.4657007529
104,90.48490884693044,27.203721645679394,1.7639788098634204e-08,0.0009407559332053299,1,110100.975202,245779270.562,193664720.604,19366.4720604461
105,90.24323689375014,27.25009222162753,4.021660045912964e-08,0.0012535684005520928,1,147531.485937,560580904.333,441333469.08,44133.3469080187
106,89.62014465875983,27.20867998361039,9.674356217922597e-09,0.0007071437279690278,1,82952.6369025,134801056.773,106206343.925,10620.6343925161
107,89.12183275080612,27.249203654785276,9.531950790660744e-09,0.0006306030169366351,1,75086.2359184,132865166.814,104620699.097,10462.1559948931
108,89.02753616943873,27.211842237297393,2.6396879954302003e-08,0.001076711171086007,1,127758.728753,367820937.201,288956875.84,28983.6496558167
109,90.6486602145436,27.185203842466493,2.4016358245664515e-08,0.0011314221738484356,1,133868.186758,334570212.999,263726629.138,26372.6629137676
110,90.75105112541333,27.22568499591683,1.1153604045257159e-08,0.0007217328136813206,1,85647.8546043,155436423.618,122439833.588,12243.9833588391
111,89.18261322555728,27.214201504314225,9.815205149650945e-09,0.0006126808623846294,1,72949.5915512,136770425.263,107760998.815,10776.0998815304
112,91.75970702183598,27.244492025868666,2.2154864991902503e-08,0.0012358144830198201,1,145292.536181,308802029.59,243316403.438,24331.6403437735
113,91.77673348890238,27.156819198619143,1.121520218503344e-08,0.0006456793762482173,1,76513.8221627,156198372.742,123267949.76,12326.7949760266
114,91.87213287763292,27.173498930627016,2.379426555253867e-08,0.0009749736716774411,1,115298.337656,331441441.672,261509997.953,26150.9997952818
115,91.98666841710985,27.19903236749802,2.071641234300238e-08,0.0008434008662204193,1,100256.144694,288634564.535,224637975.898,22765.6307323091
116,91.52697988997306,27.194127002130212,1.5440942193339278e-08,0.0010261357685882081,1,119884.55983,215123727.763,169624384.061,16962.4384060585
117,91.47877815155186,27.106706466258093,1.8658066030061327e-08,0.0008348753680376143,1,98251.6507207,259741529.202,205115451.155,20511.5451155381
118,90.72246511622053,27.120450742853336,7.025682132264498e-09,0.000496781753047092,1,58731.2942158,97817491.6012,77195588.2241,7719.55882240764
119,90.81835285051447,27.23466470432918,2.5514345504229115e-08,0.00120123823147214,1,142536.292845,355596608.707,280071165.364,28007.1165363957
120,91.36037064596655,27.179594532027195,1.8322112909969176e-08,0.0009075372827959954,1,106699.539305,255231118.788,190428008.083,20127.7020102114
121,90.03290021431928,27.163049797260793,1.5937168727783165e-08,0.0008922196979936928,1,104514.137614,221975352.179,152762490.506,17502.4356652597
122,90.19858869953698,27.10783252107452,2.1597702860977426e-08,0.001013678167999516,1,118805.047468,300667614.97,237306104.361,23730.6104361319
123,89.82858941969738,27.186073486082226,2.9385885723777923e-08,0.0010838179244000992,1,127419.763379,409375761.187,322657174.639,32265.7174639057
124,89.7396685090046,27.118669656088827,2.5846234703705867e-08,0.0010772288552559884,1,126543.225339,359847540.445,283961246.12,28396.2106613267
125,91.28915438542546,27.072952698357618,6.018457834050125e-09,0.00044805391248993893,1,52539.3546363,83758520.9903,66174410.8226,6617.44108226335
126,91.20392429638075,27.165489913763007,2.9470063176074213e-08,0.0011187919983708858,1,131746.906158,410472690.047,323751286.585,32375.1286584919
127,91.3057431245903,26.987390979862752,9.307932582237136e-09,0.0006157280523683607,1,72570.4874106,129439307.027,101505363.644,10242.0423436656
128,91.38876036550954,27.017719245270808,1.1458348624202932e-08,0.0006932303125965126,1,81277.4857075,159386717.583,124943120.891,12605.6171328253
129,91.09795645016095,27.100664074877372,1.9741610447652132e-08,0.000974928097209198,1,114555.81447,274810889.058,212454868.537,21698.7126580698
130,89.14830481176125,27.08152391744909,1.377867729802152e-08,0.0006117114501167961,1,72036.7269665,191771729.728,151454032.414,15145.4032413786
131,89.27089067809491,27.133453461901766,2.5215311691835853e-08,0.0009123994908604279,1,108245.372222,351109927.266,277025556.849,27702.5556848889
132,90.00751600930964,27.088271634024455,9.999212674144123e-09,0.0006390941563993703,1,75007.0190294,139177488.82,109884660.797,10988.4660796932
133,90.16052098901632,27.017824491695908,1.000059851426845e-08,0.0006004332769684261,1,70061.1213053,139109386.013,109968161.071,10996.8161070909
134,90.76695404663528,27.048802489440742,1.2994752180421757e-08,0.0006816297023928463,1,79576.3590677,180808265.192,142873301.448,14287.3301447578
135,90.91275970711833,27.278677620582545,8.295817923526847e-08,0.0023924096979205606,1,282941.758768,1156660509.06,902408300.722,91031.4142714122
136,90.34263343085911,27.06876075788625,2.207581300022544e-08,0.0009186837541632495,1,108560.47608,307216394.068,242646679.576,24264.6679575665
137,90.41982600952412,27.127109269456625,1.3194107293873543e-08,0.0008322472911730867,1,98724.6562974,183710547.485,144951339.685,14495.1339685196
138,88.88744181061193,27.17041117250458,3.166677067870363e-08,0.0011848572020923373,1,140605.23833,441088974.265,347850901.155,34785.0901154683
139,88.96646221837905,27.043632231393058,1.8586415631014272e-08,0.0009900888763494501,1,117332.398468,258598531.105,177240070.263,20438.4881689144
140,90.48736198097626,27.036775792240856,1.3214120383833096e-08,0.0008643900305408998,1,102337.922411,183840967.63,145287923.352,14528.7923351972
141,90.59076610076384,27.023750579345624,1.966780281429738e-08,0.0009138605718671486,1,107438.758374,273595712.845,216276082.823,21627.6082822545
142,91.07373572302636,26.974941386013654,1.4118770787950303e-08,0.0008029358771674643,1,94111.6073662,196318786.226,155352721.082,15535.2721081787
143,91.19104965283671,26.98346359510675,1.4500448536940031e-08,0.0008107174659942466,1,94899.409069,201641172.47,159550977.979,15955.0977979168
144,89.94578544970464,26.996800555518963,2.0397538978389186e-08,0.0009232271848455288,1,109239.857639,283679018.625,224334291.059,22433.4291059276
145,90.06281551579565,26.984077610521883,1.1421690861048039e-08,0.0006214248344722665,1,73101.3981663,158829281.232,125630922.003,12563.0922002747
146,91.6066066036207,27.057008908030383,3.187455775171937e-08,0.0012153238521057437,1,143495.202143,443533654.452,350594478.033,35059.5339205069
147,91.7131398647314,27.021645010688538,1.7572633603333502e-08,0.0008871974940063294,1,104158.200778,244445564.332,193361709.111,19336.1709110922
148,89.25691537614057,26.971732117633174,2.542137595289474e-08,0.0010090531030055624,1,118118.982463,353469237.672,279685514.862,27968.5514861617
149,92.02492852314299,27.006745407331096,2.3919393811889732e-08,0.0009318918206097401,1,110288.416504,332688704.157,243162746.404,26330.7465863115
150,89.41643887553086,27.027321347813857,3.7555950167080756e-08,0.0012484344700614367,1,147397.941565,522451962.581,412968334.671,41296.833467077
151,90.1202214582832,26.919880036853897,1.0438270024804791e-08,0.0007223119654698486,1,84585.9950542,145071218.206,109030719.662,11487.8322503606
152,90.86915571577529,26.936780056211003,4.1159562165834055e-08,0.0013364203539761167,1,156105.957709,572122071.555,452996824.357,45299.6824356804
153,91.14487926440762,26.872814843829236,3.79534313554199e-08,0.0016330926123616528,1,190988.716154,527257586.903,353320719.723,41799.9536834401
154,89.31840976336849,26.868242401325112,1.2362692674683883e-08,0.0007831658701151228,1,91247.4462489,171738278.133,100076214.561,13613.3115204803
155,89.48697127556918,26.8595657980413,1.1881153837319426e-08,0.000581630950600222,1,68084.2242813,165036258.643,103378824.986,13083.3783461715
156,89.85317293936023,26.931834579093493,2.453043379899584e-08,0.001065306379137346,1,126329.469322,340960706.471,269941805.567,26994.1805567076
157,90.0084848680571,26.856309080283907,1.5447032868023843e-08,0.0008861545527942734,1,103778.202049,214562324.16,170095257.11,17009.5257109815
158,89.59324528333968,26.980835386844273,6.665651332025227e-08,0.00184751252294399,1,218444.328433,926897047.613,729832903.026,73322.5308400602
159,89.7452141780537,26.90460804524098,3.025694325120297e-08,0.0010473148452609677,1,124472.763411,420454922.882,333040478.301,33304.0478301247
160,88.99969299935694,26.960458505110303,4.173424550751382e-09,0.000394596927125928,1,46803.8380204,58023162.6763,45925183.8034,4592.53508782402
161,90.85177776719658,26.80464168934139,4.211228128806495e-09,0.00035310196280319614,1,41022.3643811,58468060.3446,46396931.0379,4639.69310378859
162,90.94226622592159,26.807698491444533,4.832257249375118e-09,0.00039689822596967745,1,46048.5699171,67092170.455,42257229.5043,5324.35307818374
163,91.13290316080459,26.827459917091872,6.38167806261386e-09,0.0005649356365855841,1,65562.1260947,88620101.3889,70310433.5246,7031.04335246233
164,90.602292274632,26.888339333879088,1.9101915113619114e-08,0.0008635623596067874,1,101380.943381,265404554.088,210300768.912,21030.0768912293
165,90.69835278435158,26.86677199047589,1.6696084167282796e-08,0.0008709344336777854,1,102430.958603,231933342.167,168601301.586,18385.3825055113
166,91.88691980769401,27.001097384264902,1.6030639752223772e-08,0.0007894873327415683,1,92955.7250928,222954767.529,176452554.953,17645.255495285
167,91.96665448274747,26.92350117029862,6.557760146172882e-09,0.00045207110351691706,1,53177.1899594,91142711.2187,72236683.0229,7223.668302287
168,91.70227838977301,26.894792725799466,2.3973575397548184e-08,0.0008860805811730938,1,103888.650478,333111024.228,258136130.452,26408.2700734476
169,90.32746475102971,26.898449483449998,5.733893693199277e-09,0.00046931311150282933,1,55043.3436989,79674519.6462,62434179.3655,6311.70978092253
170,89.09779749107585,26.96343742282362,1.9580375382622978e-08,0.0008512804730031729,1,100226.199777,272233543.446,215451958.483,21545.1958482556
171,91.58515521520047,26.845128607720305,3.97580090037567e-09,0.0004309104071400677,1,50906.9521554,55219181.4019,43809914.5233,4380.99145232747
172,91.52788344219697,26.85310019553078,9.469603100179448e-09,0.0006023688722885433,1,70830.3944665,131530913.812,104336790.954,10433.6790953571
173,90.76638782747483,26.82501207810182,9.107563823626682e-09,0.0005672478668849718,1,66549.4750044,126470885.277,77088531.5545,10032.9208148622
174,91.34510713173874,26.820151535996708,5.256031975007144e-09,0.0003765341657700632,1,44068.4334009,72983888.8061,43320931.182,5791.99051536352
175,89.16709707160291,26.85549205798398,9.530134385413528e-09,0.0005043146698337531,1,59015.7113962,132374389.564,81367865.8584,10495.9338999255
176,92.03911802358823,26.885173325105598,7.181468170665703e-09,0.00046503854169046107,1,54314.403042,99777401.9921,55976141.7246,7913.83411616927
177,90.50151280791844,26.91326347935825,9.872650558022327e-09,0.0006599965134578655,1,77444.2442906,137202048.845,108665499.541,10866.5499540927
178,89.72222089278198,26.739830166575217,6.039650442998857e-09,0.0006027904052064455,1,70240.8706199,83805812.4618,49773981.9889,6657.37531424902
179,89.89702883855604,26.764366423105997,2.0716618160992707e-08,0.0009222090857325067,1,107468.934166,287524548.811,226306338.672,22830.0265549227
180,90.0514339161825,26.77315832338475,4.625116603952615e-09,0.00044550667329274553,1,52107.3281865,64196529.0877,50964524.7559,5096.45247559365
181,90.12721099868241,26.797810342544814,1.0277271621706181e-08,0.0005195134274437085,1,60801.7496479,142679460.593,113185980.765,11322.4564119219
182,90.23578468570325,26.916367005417637,2.0286369589745762e-08,0.0008740374365598923,1,103077.140454,281931371.919,223269206.014,22327.0066383582
183,90.3819750803517,26.95820232906378,8.47583017260955e-09,0.0005834995395409739,1,68574.4663498,117837237.229,92477980.3342,9325.24891666983
184,91.44930792813426,26.913444832963354,2.814487527243819e-08,0.0012246415524304274,1,143491.728489,391135428.314,309922044.933,30992.2044932785
185,91.79212847910028,26.885322582372257,5.4770956507407815e-09,0.0004883260652000596,1,57640.4007657,76097407.4822,60342961.9043,6034.29619042508
186,91.82488133242903,26.958262475485263,6.213850613363551e-09,0.000559096331384488,1,66156.7106844,86389224.9142,68418108.2136,6841.81082135546
