grid_id,latitude,longitude,basin_id,watershed_id,outside_flag
gf81d7fb303616195,26.5,88.5,,,True
g0be12287883e2881,26.5,88.75,,,True
gcaddc3e21bd4a5f1,26.5,89.0,,,True
g6aa345cebf65e0f4,26.5,89.25,,,True
g55221829641bde3e,26.5,89.5,,,True
gff7a8626e094c225,26.5,89.75,,,True
g9baa0c912d4d95d6,26.5,90.0,,,True
g7a6b98bd00145a6e,26.5,90.25,,,True
g109e963b9f5f87fe,26.5,90.5,,,True
g1c2ebb0c905af7cd,26.5,90.75,,,True
gecd4db01da9f3c2b,26.5,91.0,,,True
g6a6fbdfda5e16171,26.5,91.25,,,True
g2a7e5c5354497672,26.5,91.5,,,True
g159a42a408144d32,26.5,91.75,,,True
g5fce5a5905bf8364,26.5,92.0,,,True
gca283a25e50486f5,26.75,88.5,,,True
g36fcb974261d2ae1,26.75,88.75,,,True
gb30db556783a1f91,26.75,89.0,,,True
g4d0b0a01091b32d4,26.75,89.25,,,True
gd839f4d6f3e9b8de,26.75,89.5,,,True
g545ff3c51071ec45,26.75,89.75,6.0,178.0,False
g02c74a9b46309376,26.75,90.0,8.0,179.0,False
gc607be04c1bde0ce,26.75,90.25,,,True
gcb52571cefd1d51e,26.75,90.5,,,True
gd1b93ca481e4aaad,26.75,90.75,,,True
g09759e6e2afd9acb,26.75,91.0,,,True
g6339a2ffb24e3c11,26.75,91.25,,,True
gd7ab5aaca0b117d2,26.75,91.5,,,True
gbda1e53f5e039f12,26.75,91.75,,,True
gbfcb7b1651fcba44,26.75,92.0,,,True
g49e80d653533d748,27.0,88.5,,,True
g38c22ba018e00c4c,27.0,88.75,,,True
g42f2b14eea3c6c5c,27.0,89.0,4.0,160.0,False
gde4936d2c33c4969,27.0,89.25,5.0,148.0,False
gad3704d82a24c393,27.0,89.5,5.0,150.0,False
g5aab9168cfa228b8,27.0,89.75,6.0,159.0,False
g9be5a146ff8db20b,27.0,90.0,8.0,145.0,False
ge6220ffbcd2d27e3,27.0,90.25,1.0,182.0,False
gd56d947e9fa00853,27.0,90.5,1.0,140.0,False
g40dcb13b1367ca80,27.0,90.75,3.0,152.0,False
ga28bcb191f144bb6,27.0,91.0,7.0,142.0,False
g6a98c816445580dc,27.0,91.25,7.0,127.0,False
g4f2a3a5062cf0bdf,27.0,91.5,9.0,184.0,False
gbadc4bd096d3629f,27.0,91.75,9.0,147.0,False
g6f116f0ec14944f9,27.0,92.0,10.0,149.0,False
ga5b31507f2594acd,27.25,88.5,,,True
g6e97f9d9400e86c9,27.25,88.75,,,True
g4c3f58ceeeebfdb9,27.25,89.0,5.0,108.0,False
g767a9cef7490d8ac,27.25,89.25,6.0,102.0,False
g05cbc9980794f506,27.25,89.5,6.0,103.0,False
g265d9423c10c6a5d,27.25,89.75,8.0,123.0,False
g4f2c377dd886758e,27.25,90.0,8.0,100.0,False
g7ba04ac8aa1798b6,27.25,90.25,8.0,105.0,False
g071763b0e5ab4746,27.25,90.5,3.0,97.0,False
g64d54dd3f88ec895,27.25,90.75,3.0,110.0,False
g2cd48d7bb37874e3,27.25,91.0,3.0,135.0,False
g4a6ae2d3a2a91239,27.25,91.25,7.0,126.0,False
g0181f725860d5bba,27.25,91.5,7.0,99.0,False
g59eff09cfc08c4fa,27.25,91.75,9.0,112.0,False
gfc157a46bd6a861c,27.25,92.0,10.0,115.0,False
g882d886401336aef,27.5,88.5,,,True
ge4a63f184961e4eb,27.5,88.75,,,True
g3097e25a1919091b,27.5,89.0,5.0,,False
g8983ad0cd016864e,27.5,89.25,6.0,93.0,False
g22e164c0a7a2d4e4,27.5,89.5,6.0,73.0,False
g397f2af836a0f03f,27.5,89.75,8.0,53.0,False
gccba41b38209d96c,27.5,90.0,8.0,59.0,False
ga56a7bfa5dba8d54,27.5,90.25,3.0,70.0,False
g3522a94dad60a1a4,27.5,90.5,3.0,69.0,False
gefc367f02405b437,27.5,90.75,3.0,61.0,False
ga3a7ccc89cd6e0c1,27.5,91.0,7.0,54.0,False
gb56068467339259b,27.5,91.25,7.0,66.0,False
g43eddf03332fc458,27.5,91.5,7.0,63.0,False
g6383586e41bebb18,27.5,91.75,7.0,,False
g829088579bd3edbe,27.5,92.0,7.0,,False
g343af97c0f748e93,27.75,88.5,,,True
g8a9fe7dc09a93087,27.75,88.75,,,True
gaaa790fed5436677,27.75,89.0,5.0,,False
g55c8b7b32696be72,27.75,89.25,6.0,71.0,False
g9cf1e6b058dd8c48,27.75,89.5,6.0,48.0,False
ge2ec0f2c7242ef23,27.75,89.75,8.0,39.0,False
g9d7cbf10bfc28dd0,27.75,90.0,8.0,37.0,False
g9c44533390fc4ff8,27.75,90.25,8.0,59.0,False
g4db0d12f9a907d88,27.75,90.5,3.0,35.0,False
g1f094deb9b868b5b,27.75,90.75,3.0,46.0,False
g60b6cf76f1bd511d,27.75,91.0,7.0,40.0,False
ge21b55ffd68919f7,27.75,91.25,7.0,41.0,False
gd829ca28fdbd98f4,27.75,91.5,7.0,33.0,False
g957a1557251a2034,27.75,91.75,7.0,,False
g08af3a33703268e2,27.75,92.0,7.0,,False
g7152621c7b2bbd61,28.0,88.5,,,True
ga3708892b6eb2c75,28.0,88.75,,,True
g363dfaa6a6237d05,28.0,89.0,,,True
g4e395521246ded40,28.0,89.25,,,True
gfe4a58282d265d7a,28.0,89.5,8.0,13.0,False
g6333f9253b8612d1,28.0,89.75,8.0,11.0,False
g00b8d0efdf78d1e2,28.0,90.0,8.0,8.0,False
g2a346e750b148d4a,28.0,90.25,8.0,6.0,False
g4dc0f8405d5dedba,28.0,90.5,3.0,18.0,False
gaed7e89acef91b29,28.0,90.75,3.0,19.0,False
g2199a9932206224f,28.0,91.0,7.0,22.0,False
g7c36e5c8b21cd185,28.0,91.25,7.0,41.0,False
g4de30f08889a7546,28.0,91.5,7.0,,False
g12c81df6d06f3c86,28.0,91.75,7.0,,False
gc19c3a38485c24d0,28.0,92.0,7.0,,False
g9b5856658c30c5c7,28.25,88.5,,,True
gd4bade3fe1da69d3,28.25,88.75,,,True
g3a4c2dfc35665223,28.25,89.0,,,True
gad84b206b291e526,28.25,89.25,,,True
gf2cd33a546c30a0c,28.25,89.5,,,True
g261d0ec844c08377,28.25,89.75,,,True
gbb2534f5a4938484,28.25,90.0,,,True
gf983781b109de21c,28.25,90.25,,,True
ge9595938d050cacc,28.25,90.5,7.0,,False
gf8e612abcc674cff,28.25,90.75,7.0,,False
g359582c53a9caff9,28.25,91.0,7.0,,False
gcf74dd5ef28196a3,28.25,91.25,7.0,,False
gea01174e08082520,28.25,91.5,7.0,,False
ge082077a1f32dbe0,28.25,91.75,7.0,,False
g6ede76f1b14bfcb6,28.25,92.0,7.0,,False
gdd68d41615c50bd9,28.5,88.5,,,True
g738ebceb679145bd,28.5,88.75,,,True
g2de1defbb875adad,28.5,89.0,,,True
geab7df9c2ced19b8,28.5,89.25,,,True
gee1efd38e2499f02,28.5,89.5,,,True
g0ad3e2a9f4543a69,28.5,89.75,,,True
gb532f2da210da69a,28.5,90.0,,,True
g0391bcf784b732b2,28.5,90.25,,,True
g59b59dce918bd242,28.5,90.5,,,True
g86c9ea60789ee291,28.5,90.75,,,True
g464a1060d10869e7,28.5,91.0,7.0,,False
gcd73d4ffbf3d512d,28.5,91.25,7.0,,False
g368dd7adf8bffbae,28.5,91.5,,,True
gc307973857c6e4ee,28.5,91.75,,,True
g3f9cf585266c6628,28.5,92.0,,,True
